algoritmo,abordagem,acuracia_val,acuracia_teste,precision,recall,f1,tempo_treino_s,tempo_predicao_ms,melhores_params
XGBoost,derivada,0.8588957055214724,0.8902439024390244,0.8797994707326627,0.8902439024390244,0.8797730292458301,0.0799,2.62,"{'gamma': 0, 'learning_rate': 0.05, 'max_depth': 3, 'n_estimators': 100}"
XGBoost,bruta,0.8711656441717791,0.8841463414634146,0.8828881145954318,0.8841463414634146,0.8827452331005979,0.116,4.84,"{'gamma': 0, 'learning_rate': 0.2, 'max_depth': 5, 'n_estimators': 100}"
SVM,bruta,0.7914110429447853,0.8658536585365854,0.8674176173972661,0.8658536585365854,0.866190689387149,0.0224,7.78,"{'C': 10, 'gamma': 'scale', 'kernel': 'rbf'}"
Arvore de Decisao,derivada,0.8343558282208589,0.8597560975609756,0.8445645750998211,0.8597560975609756,0.8492749829108308,0.0048,0.94,"{'criterion': 'entropy', 'max_depth': 7, 'min_samples_leaf': 1}"
SVM,derivada,0.8282208588957055,0.8597560975609756,0.8420433819333916,0.8597560975609756,0.8489097849370479,0.0084,2.25,"{'C': 0.1, 'gamma': 'scale', 'kernel': 'linear'}"
MLP,derivada,0.8220858895705522,0.8353658536585366,0.8150681800710162,0.8353658536585366,0.8247789008427175,0.0518,2.33,"{'activation': 'tanh', 'hidden_layer_sizes': (50, 25), 'learning_rate_init': 0.01}"
MLP,bruta,0.7484662576687117,0.8109756097560976,0.8106447343543204,0.8109756097560976,0.8100104736858605,0.1213,2.17,"{'activation': 'relu', 'hidden_layer_sizes': (50, 25), 'learning_rate_init': 0.01}"
k-NN,derivada,0.7668711656441718,0.7987804878048781,0.8200248132245387,0.7987804878048781,0.799982449505249,0.0066,4.19,"{'metric': 'manhattan', 'n_neighbors': 5, 'weights': 'uniform'}"
k-NN,bruta,0.7239263803680982,0.75,0.7372639230268272,0.75,0.7370969993165665,0.0254,41.18,"{'metric': 'euclidean', 'n_neighbors': 9, 'weights': 'distance'}"
Arvore de Decisao,bruta,0.5705521472392638,0.5487804878048781,0.5499732850167217,0.5487804878048781,0.549082667860031,0.0055,1.93,"{'criterion': 'gini', 'max_depth': 10, 'min_samples_leaf': 1}"
